target,best_dice,elapsed_h,epochs_cfg,res,n
fascicle,0.20981081078449884,4.559309339078334,18,640x960,2761
aponeurosis,0.1946280386640143,1.7571552387916665,18,640x960,1048
