best_dice,elapsed_h,epochs,dilate,n
0.651593777342983,8.661620773221111,32,7,2761
